"115";"1621";"25/05/2015 15:48:44";"Slow traffic";"Kallang Paya Lebar Expressway(TPE) ";"Nicoll Highway (Ramp)";"PIE  Jurong (Exit)";"20";"72";"349";"502";"3";"64";"1";"0";"10017";"SG";"0";"103.87528";"1.31141";"SG";"0";"103.87487";"10018";"1.31362";"103.87528";"1.31141";"349"
"115";"1621";"25/05/2015 15:57:30";"Slow traffic";"Kallang Paya Lebar Expressway(TPE) ";"Upper Paya Lebar (Exit)";"Airport Road (Exit)";"21";"70";"56";"1225";"3";"144";"1";"0";"10020";"SG";"0";"103.88943";"1.33358";"SG";"0";"103.89394";"10021";"1.33663";"103.88943";"1.33358";"56"
"115";"1621";"25/05/2015 15:57:38";"Slow traffic";"Airport Road";"Paya Lebar Road";"Eunos Link";"22";"50";"201";"2294";"3";"206";"1";"0";"10514";"SG";"0";"103.8988";"1.34984";"SG";"0";"103.89853";"10515";"1.3411";"103.8988";"1.34984";"194"
"115";"1621";"25/05/2015 15:46:53";"Slow traffic";"Airport Road";"Eunos Link";"Paya Lebar Road";"20";"50";"19";"2177";"3";"232";"1";"1";"10515";"SG";"0";"103.89602";"1.33792";"SG";"0";"103.89855";"10514";"1.34607";"103.89602";"1.33792";"38"
"115";"1621";"25/05/2015 15:56:33";"Slow traffic";"Anchorvale Street";"Sengkang East Road";"Fernvale Street";"20";"50";"280";"1356";"3";"143";"1";"1";"10527";"SG";"0";"103.89211";"1.39637";"SG";"0";"103.88611";"10526";"1.39738";"103.89211";"1.39637";"280"
"115";"1621";"25/05/2015 15:31:33";"Slow traffic";"Ang Mo Kio Avenue 1";"Upper Thomson Road";"Ang Mo Kio Avenue 3";"24";"70";"101";"818";"3";"81";"1";"0";"10528";"SG";"0";"103.82987";"1.36775";"SG";"0";"103.83346";"10529";"1.36706";"103.82987";"1.36775";"101"
"115";"1621";"25/05/2015 15:54:29";"Slow traffic";"Ang Mo Kio Avenue 1";"Lorong Chuan";"CTE";"22";"72";"282";"815";"3";"95";"1";"1";"10533";"SG";"0";"103.86253";"1.35417";"SG";"0";"103.85896";"10532";"1.35496";"103.86253";"1.35417";"282"
"115";"1621";"25/05/2015 15:58:51";"Slow traffic";"Ang Mo Kio Avenue 3";"Ang Mo Kio Avenue 8";"CTE";"16";"60";"88";"1253";"3";"216";"1";"0";"10536";"SG";"0";"103.85198";"1.36918";"SG";"0";"103.85751";"10537";"1.36942";"103.85198";"1.36918";"88"
"115";"1621";"25/05/2015 15:33:13";"Slow traffic";"Ang Mo Kio Avenue 6";"Yio Chu Kang Road/ Lentor Avenue";"Ang Mo Kio Avenue 8";"26";"60";"159";"823";"3";"67";"1";"0";"10547";"SG";"0";"103.84222";"1.38635";"SG";"0";"103.84354";"10548";"1.38289";"103.84222";"1.38635";"159"
"115";"1621";"25/05/2015 15:33:19";"Slow traffic";"Ang Mo Kio Avenue 8";"Ang Mo Kio Avenue 6";"Ang Mo Kio Avenue 5";"22";"61";"139";"656";"3";"70";"1";"0";"10552";"SG";"0";"103.84502";"1.38002";"SG";"0";"103.84673";"10553";"1.37801";"103.84502";"1.38002";"139"
"115";"1621";"25/05/2015 15:47:12";"Slow traffic";"Ang Mo Kio Avenue 8";"Ang Mo Kio Avenue 3";"Ang Mo Kio Avenue 1";"12";"61";"164";"1059";"3";"247";"1";"0";"10554";"SG";"0";"103.85033";"1.36726";"SG";"0";"103.85159";"10555";"1.36295";"103.85033";"1.36726";"164"
"115";"1621";"25/05/2015 15:59:22";"Slow traffic";"Ang Mo Kio Avenue 8";"Ang Mo Kio Avenue 1";"Ang Mo Kio Avenue 5";"20";"61";"345";"1952";"3";"228";"2";"1";"10555";"SG";"0";"103.85115";"1.36636";"SG";"0";"103.84789";"10553";"1.37458";"103.85115";"1.36636";"331"
"115";"1621";"25/05/2015 15:34:10";"Slow traffic";"Beach Road";"Jalan Sultan";"Ophir Road";"11";"51";"238";"367";"3";"90";"1";"1";"10565";"SG";"0";"103.86171";"1.3011";"SG";"0";"103.86032";"10564";"1.30022";"103.86171";"1.3011";"238"
"115";"1621";"25/05/2015 15:58:32";"Slow traffic";"Bedok North Avenue 3";"PIE";"Bedok North Road";"14";"61";"169";"422";"3";"81";"1";"1";"10572";"SG";"0";"103.93375";"1.3346";"SG";"0";"103.9341";"10571";"1.33274";"103.93375";"1.3346";"169"
"115";"1621";"25/05/2015 15:52:19";"Slow traffic";"Bedok North Road";"Bedok North Avenue 1";"Bedok North Avenue 3";"21";"61";"76";"878";"3";"99";"1";"0";"10576";"SG";"0";"103.92809";"1.33008";"SG";"0";"103.93192";"10577";"1.33104";"103.92809";"1.33008";"76"
"115";"1621";"25/05/2015 15:35:34";"Slow traffic";"Ang Mo Kio Avenue 4";"Yio Chu Kang Road";"Ang Mo Kio Avenue 5";"16";"50";"162";"841";"3";"124";"1";"1";"10585";"SG";"0";"103.83786";"1.3826";"SG";"0";"103.83897";"10584";"1.37919";"103.83786";"1.3826";"162"
"115";"1621";"25/05/2015 15:57:39";"Slow traffic";"Bras Basah Road";"Orchard Road";"Victoria Street";"20";"51";"122";"595";"3";"67";"1";"0";"10621";"SG";"0";"103.84836";"1.29816";"SG";"0";"103.85055";"10622";"1.29681";"103.84836";"1.29816";"122"
"115";"1621";"25/05/2015 15:54:17";"Slow traffic";"Cairnhill Road";"Cairnhill Circle";"Scotts Road";"11";"51";"336";"583";"3";"145";"1";"1";"10662";"SG";"0";"103.83729";"1.30679";"SG";"0";"103.83624";"10661";"1.30918";"103.83729";"1.30679";"336"
"115";"1621";"25/05/2015 15:49:36";"Slow traffic";"Changi Road";"Jalan Eunos/ Still Road";"Geylang Road";"25";"50";"259";"840";"3";"60";"1";"0";"10683";"SG";"0";"103.90354";"1.31733";"SG";"0";"103.89983";"10684";"1.31662";"103.90354";"1.31733";"259"
"115";"1621";"25/05/2015 15:57:07";"Slow traffic";"Anson Road";"Keppel Road";"Robinson Road/ Maxwell Road";"12";"51";"41";"609";"3";"133";"1";"0";"10685";"SG";"0";"103.8444";"1.27331";"SG";"0";"103.84619";"10686";"1.27538";"103.8444";"1.27331";"41"
"115";"1621";"25/05/2015 15:37:16";"Slow traffic";"Choa Chu Kang Avenue 4";"Choa Chu Kang Way";"Choa Chu Kang Drive";"10";"51";"74";"440";"3";"122";"1";"0";"10695";"SG";"0";"103.74337";"1.38409";"SG";"0";"103.74526";"10696";"1.38465";"103.74337";"1.38409";"74"
"115";"1621";"25/05/2015 15:53:01";"Slow traffic";"Corporation Road";"Boon Lay Way";"Jurong West Avenue 2";"24";"60";"336";"1119";"3";"101";"1";"0";"10735";"SG";"0";"103.71512";"1.34466";"SG";"0";"103.71317";"10736";"1.349";"103.71512";"1.34466";"336"
"115";"1621";"25/05/2015 15:52:51";"Slow traffic";"Eu Tong Sen Street";"Havelock Road";"River Valley Road";"19";"60";"40";"503";"3";"64";"1";"0";"10755";"SG";"0";"103.84576";"1.28727";"SG";"0";"103.84723";"10756";"1.289";"103.84576";"1.28727";"40"
"115";"1621";"25/05/2015 15:38:32";"Slow traffic";"Orchard Road";"Scotts Road";"Bideford Road";"19";"51";"119";"510";"3";"62";"1";"0";"10798";"SG";"0";"103.83257";"1.30462";"SG";"0";"103.83459";"10799";"1.30353";"103.83257";"1.30462";"119"
"115";"1621";"25/05/2015 15:50:31";"Slow traffic";"Orchard Road";"Grange Road";"Buyong Road";"16";"51";"109";"647";"3";"101";"1";"0";"10800";"SG";"0";"103.83858";"1.30157";"SG";"0";"103.84132";"10801";"1.30061";"103.83858";"1.30157";"109"
"115";"1621";"25/05/2015 15:53:31";"Slow traffic";"Sengkang East Road";"Punggol Way";"Compassvale Street/Anchorvale Street";"13";"60";"199";"453";"3";"101";"1";"0";"10836";"SG";"0";"103.89577";"1.39917";"SG";"0";"103.8951";"10837";"1.39725";"103.89577";"1.39917";"199"
"1523";"1622";"25/05/2015 15:58:15";"Heavy traffic";"Simei Avenue";"Upper Changi Road ";"Simei Street 31";"4";"71";"320";"513";"4";"436";"1";"0";"10868";"SG";"0";"103.9517";"1.3358";"SG";"0";"103.9502";"10869";"1.33756";"103.9517";"1.3358";"320"
"115";"1621";"25/05/2015 15:59:03";"Slow traffic";"Sims Avenue";"KPE";"Aljunied Road";"14";"50";"76";"771";"3";"143";"1";"0";"10875";"SG";"0";"103.8764";"1.31357";"SG";"0";"103.87976";"10876";"1.31443";"103.8764";"1.31357";"76"
"115";"1621";"25/05/2015 15:44:11";"Slow traffic";"Tampines Avenue 4";"Tampines Avenue 5";"Tampines Avenue 1";"24";"61";"204";"1061";"3";"98";"1";"1";"10926";"SG";"0";"103.94082";"1.35033";"SG";"0";"103.93932";"10925";"1.3469";"103.94082";"1.35033";"204"
"115";"1621";"25/05/2015 15:38:57";"Slow traffic";"Telok Blangah Road";"Henderson Road";"Keppel Road";"28";"60";"105";"1851";"3";"123";"1";"0";"10929";"SG";"0";"103.81661";"1.26796";"SG";"0";"103.825";"10930";"1.26612";"103.81661";"1.26796";"120"
"115";"1621";"25/05/2015 15:34:07";"Slow traffic";"Tanglin Road";"Napier Road";"Orchard Road";"20";"51";"66";"581";"3";"62";"1";"0";"10935";"SG";"0";"103.82379";"1.30543";"SG";"0";"103.82613";"10936";"1.30648";"103.82379";"1.30543";"66"
"115";"1621";"25/05/2015 15:30:41";"Slow traffic";"Upper Thomson Road";"Sembawang Road";"SLE";"22";"61";"172";"1014";"3";"106";"1";"1";"10949";"SG";"0";"103.81774";"1.40035";"SG";"0";"103.81838";"10948";"1.39595";"103.81774";"1.40035";"172"
"115";"1621";"25/05/2015 15:32:53";"Slow traffic";"Tanjong Katong Road";"Dunman Road";"Sims Avenue";"18";"51";"357";"664";"3";"83";"1";"1";"10960";"SG";"0";"103.89436";"1.31077";"SG";"0";"103.89419";"10959";"1.31373";"103.89436";"1.31077";"357"
"115";"1621";"25/05/2015 15:35:14";"Slow traffic";"Whitley Road";"PIE";"Stevens Road";"17";"72";"203";"562";"3";"91";"1";"0";"10968";"SG";"0";"103.82704";"1.32449";"SG";"0";"103.82608";"10969";"1.32216";"103.82704";"1.32449";"203"
"115";"1621";"25/05/2015 15:33:35";"Slow traffic";"Clemenceau Avenue";"Merchant Road";"River Valley Road";"16";"61";"28";"374";"3";"63";"1";"0";"10971";"SG";"0";"103.84242";"1.29075";"SG";"0";"103.84321";"10972";"1.29224";"103.84242";"1.29075";"28"
"115";"1621";"25/05/2015 15:34:43";"Slow traffic";"Yio Chu Kang Road";"Ang Mo Kio Avenue 5/Buangkok Green";"Ang Mo Kio Avenue 3/Hougang Avenue 2";"24";"61";"181";"1009";"3";"90";"1";"1";"11037";"SG";"0";"103.87666";"1.37722";"SG";"0";"103.87656";"11036";"1.37273";"103.87666";"1.37722";"181"
"1523";"1622";"25/05/2015 15:58:47";"Heavy traffic";"Rivervale Drive";"Punggol Road/Compassvale Street";"Sengkang East Way";"9";"50";"141";"989";"4";"322";"1";"0";"11138";"SG";"0";"103.90244";"1.39307";"SG";"0";"103.90471";"11139";"1.39022";"103.90244";"1.39307";"141"
"115";"1621";"25/05/2015 15:50:44";"Slow traffic";"Jalan Buroh";"Jurong Pier Road";"Jurong Port Road";"30";"71";"87";"1181";"3";"81";"1";"1";"11159";"SG";"0";"103.71149";"1.31395";"SG";"0";"103.71649";"11158";"1.3142";"103.71149";"1.31395";"87"
"115";"1621";"25/05/2015 15:55:02";"Slow traffic";"Upper Jurong Road";"PIE";"Benoi Road";"23";"72";"94";"719";"3";"75";"1";"0";"11202";"SG";"0";"103.67451";"1.33051";"SG";"0";"103.6776";"11203";"1.33032";"103.67451";"1.33051";"94"
"115";"1621";"25/05/2015 15:40:46";"Slow traffic";"Kampong Java Road";"Bukit Timah Road";"Keng Lee Road";"10";"61";"1";"507";"3";"153";"1";"0";"11089";"SG";"0";"103.84708";"1.30867";"SG";"0";"103.84713";"11090";"1.31071";"103.84708";"1.30867";"1"
"115";"1621";"25/05/2015 15:59:41";"Slow traffic";"Leng Kee Road";"Tiong Bahru Road";"Alexandra Road";"21";"50";"283";"766";"3";"79";"1";"1";"11057";"SG";"0";"103.81363";"1.29061";"SG";"0";"103.81034";"11056";"1.29137";"103.81363";"1.29061";"283"
"115";"1621";"25/05/2015 15:59:44";"Slow traffic";"Newton Road";"Newton Circus";"Thomson Road";"20";"61";"39";"882";"3";"108";"1";"0";"11075";"SG";"0";"103.8402";"1.31452";"SG";"0";"103.84246";"11076";"1.31728";"103.8402";"1.31452";"39"
"115";"1621";"25/05/2015 15:57:32";"Slow traffic";"Newton Road";"Thomson Road";"Newton Circus";"21";"60";"218";"853";"3";"93";"1";"1";"11076";"SG";"0";"103.84286";"1.31775";"SG";"0";"103.84073";"11075";"1.31501";"103.84286";"1.31775";"218"
"115";"1621";"25/05/2015 15:52:17";"Slow traffic";"Geylang Road";"Joo Chiat Road";"Paya Lebar Road";"16";"50";"259";"626";"3";"96";"1";"0";"11223";"SG";"0";"103.89649";"1.31597";"SG";"0";"103.89374";"11224";"1.31543";"103.89649";"1.31597";"259"
"115";"1621";"25/05/2015 15:59:19";"Slow traffic";"Geylang Road";"Aljunied Road";"Sims Way";"21";"51";"258";"758";"3";"77";"1";"0";"11225";"SG";"0";"103.88076";"1.31279";"SG";"0";"103.87743";"11226";"1.31207";"103.88076";"1.31279";"258"
"115";"1621";"25/05/2015 15:55:17";"Slow traffic";"International Road";"Jalan Boon Lay";"Pioneer Road North";"28";"60";"268";"1341";"3";"92";"1";"1";"11250";"SG";"0";"103.70615";"1.32803";"SG";"0";"103.70014";"11249";"1.32782";"103.70615";"1.32803";"268"
"115";"1621";"25/05/2015 15:40:38";"Slow traffic";"Jurong East Avenue 1";"Jurong East Central";"Jurong Town Hall";"21";"51";"288";"870";"3";"89";"1";"0";"11252";"SG";"0";"103.74179";"1.34141";"SG";"0";"103.73817";"11253";"1.3426";"103.74179";"1.34141";"288"
"115";"1621";"25/05/2015 15:46:52";"Slow traffic";"Jurong Pier Road";"Jurong Island Highway";"Jalan Boon Lay";"35";"71";"0";"1299";"3";"68";"1";"1";"11055";"SG";"0";"103.71006";"1.31226";"SG";"0";"103.71006";"11054";"1.31803";"103.71006";"1.31226";""
"115";"1621";"25/05/2015 15:43:49";"Slow traffic";"Tampines Avenue 8";"Tampines Avenue 1";"Tampines Avenue 5";"28";"60";"29";"954";"3";"64";"1";"0";"11264";"SG";"0";"103.92941";"1.35053";"SG";"0";"103.93145";"11265";"1.35429";"103.92941";"1.35053";"29"
"115";"1621";"25/05/2015 15:32:59";"Slow traffic";"Tampines Street 31";"PIE";"Tampines Avenue 2";"20";"61";"325";"512";"3";"63";"1";"0";"11271";"SG";"0";"103.95664";"1.34928";"SG";"0";"103.95535";"11272";"1.35114";"103.95664";"1.34928";"325"
"115";"1621";"25/05/2015 15:39:50";"Slow traffic";"Bedok Reservoir Road";"Kaki Bukit Avenue 1";"Bedok North Road";"17";"61";"72";"523";"3";"81";"1";"0";"11327";"SG";"0";"103.91431";"1.33712";"SG";"0";"103.91653";"11328";"1.33784";"103.91431";"1.33712";"72"
"115";"1621";"25/05/2015 15:49:16";"Slow traffic";"Choa Chu Kang Drive";"Teck Whye Avenue/Choa Chu Kang Avenue 1";"KJE";"18";"60";"329";"1155";"3";"157";"2";"0";"11347";"SG";"0";"103.74915";"1.38374";"SG";"0";"103.7467";"11349";"1.3878";"103.74915";"1.38374";"329"
"115";"1621";"25/05/2015 15:36:16";"Slow traffic";"Choa Chu Kang Drive";"Choa Chu Kang Crescent";"KJE";"28";"60";"196";"1729";"3";"119";"1";"1";"11350";"SG";"0";"103.74821";"1.39903";"SG";"0";"103.74519";"11349";"1.3908";"103.74821";"1.39903";"196"
"115";"1621";"25/05/2015 15:43:01";"Slow traffic";"Joo Chiat Road";"Geylang Road";"Koon Seng Road/Dunman Road";"24";"51";"145";"856";"3";"66";"1";"0";"11364";"SG";"0";"103.89849";"1.31493";"SG";"0";"103.90071";"11365";"1.31179";"103.89849";"1.31493";"145"
"115";"1621";"25/05/2015 15:40:31";"Slow traffic";"Jurong West Avenue 1";"Jurong West Street 41/Jurong West Street 42";"Jurong West Street 42/Jurong West Street 51";"15";"50";"273";"988";"3";"172";"1";"1";"11372";"SG";"0";"103.72408";"1.35008";"SG";"0";"103.71976";"11371";"1.35032";"103.72408";"1.35008";"273"
"115";"1621";"25/05/2015 15:35:25";"Slow traffic";"Jurong West Avenue 5";"Pioneer Road North";"Jurong West Street 82";"24";"50";"31";"879";"3";"70";"1";"0";"11380";"SG";"0";"103.69404";"1.34336";"SG";"0";"103.69592";"11381";"1.3465";"103.69404";"1.34336";"31"
"115";"1621";"25/05/2015 15:57:01";"Slow traffic";"North Buona Vista Road";"Dover Road/Ayer Rajah Venue";"Commonwealth Avenue West";"33";"71";"34";"1182";"3";"68";"1";"1";"11418";"SG";"0";"103.78652";"1.30113";"SG";"0";"103.78942";"11417";"1.30539";"103.78652";"1.30113";"34"
"115";"1621";"25/05/2015 15:48:57";"Slow traffic";"Pasir Panjang Road";"Pepys Road";"Alexandra Road";"30";"60";"110";"1022";"3";"62";"1";"0";"11439";"SG";"0";"103.7952";"1.27528";"SG";"0";"103.79952";"11440";"1.27375";"103.7952";"1.27528";"110"
"115";"1621";"25/05/2015 15:56:12";"Slow traffic";"Petir Road";"Chestnut Avenue";"Pending Road";"17";"61";"318";"807";"3";"124";"1";"0";"11478";"SG";"0";"103.77425";"1.37105";"SG";"0";"103.77192";"11479";"1.37361";"103.77425";"1.37105";"318"
"115";"1621";"25/05/2015 15:36:26";"Slow traffic";"Punggol Road";"Sengkang East Avenue";"Sengkang East Way";"23";"61";"20";"1044";"3";"104";"1";"0";"11489";"SG";"0";"103.89911";"1.38466";"SG";"0";"103.90058";"11490";"1.38867";"103.89911";"1.38466";"20"
"1523";"1622";"25/05/2015 15:59:40";"Heavy traffic";"Woodlands Avenue 7";"Gambas Avenue";"Woodlands Avenue 6";"7";"60";"237";"853";"4";"366";"1";"0";"11549";"SG";"0";"103.80695";"1.44473";"SG";"0";"103.8038";"11550";"1.44264";"103.80695";"1.44473";"237"
"115";"1621";"25/05/2015 15:48:01";"Slow traffic";"Woodlands Avenue 9";"Gambas Avenue/Woodlands Avenue 8";"Woodlands Avenue 4";"25";"60";"248";"1254";"3";"104";"1";"0";"11557";"SG";"0";"103.80079";"1.44939";"SG";"0";"103.79559";"11558";"1.44727";"103.80079";"1.44939";"248"
"115";"1621";"25/05/2015 15:32:40";"Slow traffic";"Admiralty Drive";"Sembawang Way/Sembawang Crescent";"Canberra Road";"24";"51";"56";"873";"3";"67";"1";"0";"14488";"SG";"0";"103.81558";"1.44889";"SG";"0";"103.81847";"14489";"1.45083";"103.81558";"1.44889";"56"
"115";"1621";"25/05/2015 15:51:42";"Slow traffic";"Bangkit Road";"Bukit Panjang Ring Road";"Bukit Panjang Road";"8";"50";"164";"741";"3";"298";"1";"0";"14090";"SG";"0";"103.77264";"1.37876";"SG";"0";"103.77308";"14091";"1.37727";"103.77264";"1.37876";"164"
"115";"1621";"25/05/2015 15:50:40";"Slow traffic";"Bedok North Interchange";"Bedok North Street 1";"New Upper Changi Road";"10";"51";"242";"421";"3";"125";"1";"0";"15552";"SG";"0";"103.92911";"1.32639";"SG";"0";"103.92785";"15553";"1.32573";"103.92911";"1.32639";"242"
"1523";"1622";"25/05/2015 15:45:22";"Heavy traffic";"Birch Road";"Race Course Road";"Serangoon Road";"2";"52";"140";"217";"4";"377";"1";"0";"13356";"SG";"0";"103.85338";"1.31165";"SG";"0";"103.854";"13357";"1.31091";"103.85338";"1.31165";"140"
"115";"1621";"25/05/2015 15:40:17";"Slow traffic";"Birch Road";"Serangoon Road";"Race Course Road";"3";"52";"320";"217";"3";"278";"1";"1";"13357";"SG";"0";"103.85413";"1.31076";"SG";"0";"103.8535";"13356";"1.31151";"103.85413";"1.31076";"320"
"115";"1621";"25/05/2015 15:58:03";"Slow traffic";"Bukit Batok West Avenue 4";"Bukit Batok West Avenue 2";"Bukit Batok West Avenue 7";"12";"50";"20";"547";"3";"127";"1";"0";"13874";"SG";"0";"103.7458";"1.36167";"SG";"0";"103.7466";"13875";"1.36385";"103.7458";"1.36167";"20"
"115";"1621";"25/05/2015 15:42:18";"Slow traffic";"Choa Chu Kang Avenue 2";"Choa Chu Kang Way";"Choa Chu Kang Avenue 1/Choa Chu Kang Terrace";"17";"51";"241";"708";"3";"101";"1";"0";"16248";"SG";"0";"103.74409";"1.37954";"SG";"0";"103.74156";"16249";"1.37811";"103.74409";"1.37954";"241"
"115";"1621";"25/05/2015 15:36:20";"Slow traffic";"Defu Lane 9";"Defu Avenue 1";"Defu Lane 7";"19";"51";"22";"955";"3";"115";"1";"0";"14418";"SG";"0";"103.89262";"1.3488";"SG";"0";"103.8941";"14419";"1.35252";"103.89262";"1.3488";"22"
"115";"1621";"25/05/2015 15:39:02";"Slow traffic";"Havelock Square";"End Of Road";"New Market Road";"6";"51";"351";"155";"3";"77";"1";"1";"14957";"SG";"0";"103.84464";"1.28616";"SG";"0";"103.84457";"14956";"1.28667";"103.84464";"1.28616";"351"
"115";"1621";"25/05/2015 15:42:09";"Slow traffic";"Hougang Avenue 9";"Serangoon North Avenue 5/Yio Chu Kang Road";"Hougang Street 61/Hougang Avenue 4";"21";"51";"92";"900";"3";"93";"1";"0";"13070";"SG";"0";"103.87872";"1.37495";"SG";"0";"103.88267";"13071";"1.37481";"103.87872";"1.37495";"92"
"115";"1621";"25/05/2015 15:44:26";"Slow traffic";"Jalan Tenaga";"Bedok Reservoir Road";"Kaki Bukit Avenue 1/Kaki Bukit Road 3";"15";"50";"334";"363";"3";"64";"1";"1";"12685";"SG";"0";"103.90684";"1.33195";"SG";"0";"103.90613";"12684";"1.33342";"103.90684";"1.33195";"334"
"115";"1621";"25/05/2015 15:37:29";"Slow traffic";"Jalan Tenteram";"Jalan Bahagia/Jalan Ma'Mor";"Jalan Bahagia";"10";"50";"132";"641";"3";"188";"1";"0";"12622";"SG";"0";"103.85786";"1.32752";"SG";"0";"103.85858";"12623";"1.32686";"103.85786";"1.32752";"132"
"115";"1621";"25/05/2015 15:39:42";"Slow traffic";"Jurong West Street 52";"Jurong West Street 51";"Jurong West Avenue 1/Jurong West Street 42";"20";"50";"312";"841";"3";"92";"1";"1";"16595";"SG";"0";"103.72031";"1.34761";"SG";"0";"103.71835";"16594";"1.34939";"103.72031";"1.34761";"312"
"115";"1621";"25/05/2015 15:57:16";"Slow traffic";"Kampong Kapor Road";"Upper Weld Road";"Syed Alwi Raod/Verdun Road";"14";"50";"34";"336";"3";"64";"1";"1";"13593";"SG";"0";"103.854";"1.30692";"SG";"0";"103.85484";"13592";"1.30817";"103.854";"1.30692";"34"
"115";"1621";"25/05/2015 15:58:45";"Slow traffic";"Lengkok Bahru";"Hoy Fatt Road/Kung Chong Road";"Hoy Fatt Road";"24";"51";"46";"926";"3";"74";"1";"1";"14497";"SG";"0";"103.81091";"1.2874";"SG";"0";"103.81229";"14496";"1.28874";"103.81091";"1.2874";"46"
"115";"1621";"25/05/2015 15:50:43";"Slow traffic";"Lorong 12 Geylang";"Guillemard Road";"Geylang Road";"9";"51";"350";"310";"3";"104";"1";"1";"14759";"SG";"0";"103.87851";"1.31024";"SG";"0";"103.87828";"14758";"1.31161";"103.87851";"1.31024";"350"
"115";"1621";"25/05/2015 15:57:59";"Slow traffic";"Lorong 16 Geylang";"Guillemard Crescent/Guillemard Road";"Geylang Road";"12";"52";"353";"290";"3";"66";"1";"0";"15348";"SG";"0";"103.88003";"1.31062";"SG";"0";"103.87986";"15349";"1.31191";"103.88003";"1.31062";"353"
"115";"1621";"25/05/2015 15:48:22";"Slow traffic";"Lorong 8 Geylang";"Guillemard Road";"Geylang Road";"11";"51";"349";"396";"3";"96";"1";"0";"15288";"SG";"0";"103.87748";"1.30943";"SG";"0";"103.87714";"15289";"1.31115";"103.87748";"1.30943";"349"
"115";"1621";"25/05/2015 15:54:18";"Slow traffic";"Lorong Mydin";"Changi Road";"Lorong Melayu";"14";"41";"345";"519";"3";"88";"1";"1";"17041";"SG";"0";"103.91152";"1.31984";"SG";"0";"103.91093";"17040";"1.32209";"103.91152";"1.31984";"345"
"115";"1621";"25/05/2015 15:33:03";"Slow traffic";"Marine Terrace";"Marine Crescent";"Marine Parade Road";"16";"51";"60";"649";"3";"101";"1";"0";"13840";"SG";"0";"103.91408";"1.30563";"SG";"0";"103.91566";"13841";"1.30654";"103.91408";"1.30563";"60"
"115";"1621";"25/05/2015 15:53:57";"Slow traffic";"Playfair Road";"Shaw Road";"Macpherson Road";"13";"51";"157";"534";"3";"112";"1";"0";"12522";"SG";"0";"103.88544";"1.33668";"SG";"0";"103.88636";"12523";"1.33447";"103.88544";"1.33668";"157"
"1523";"1622";"25/05/2015 15:55:52";"Heavy traffic";"Seletar Road";"Stratton Road";"Jalan Kayu/Yio Chu Kang Road";"6";"50";"8";"827";"4";"470";"1";"1";"12755";"SG";"0";"103.8679";"1.38225";"SG";"0";"103.86844";"12754";"1.38593";"103.8679";"1.38225";"8"
"115";"1621";"25/05/2015 15:47:03";"Slow traffic";"Seletar West Farmway 5";"Seletar West Farmway 6";"Seletar West Farmway 4";"25";"50";"130";"820";"3";"60";"1";"0";"14212";"SG";"0";"103.86456";"1.39684";"SG";"0";"103.86678";"14213";"1.39494";"103.86456";"1.39684";"130"
"115";"1621";"25/05/2015 15:30:14";"Slow traffic";"Senoko Avenue";"Admiralty Road West";"Senoko Way";"16";"51";"330";"590";"3";"92";"1";"1";"14433";"SG";"0";"103.81158";"1.46475";"SG";"0";"103.81027";"14432";"1.46704";"103.81158";"1.46475";"330"
"115";"1621";"25/05/2015 15:50:16";"Slow traffic";"Summit Lane";"Jurong East Street 12";"Boon Lay Way";"12";"51";"59";"385";"3";"87";"1";"0";"17018";"SG";"0";"103.7423";"1.33231";"SG";"0";"103.74359";"17019";"1.33309";"103.7423";"1.33231";"59"
"115";"1621";"25/05/2015 15:43:55";"Slow traffic";"Sungei Kadut Street 2";"End Of Road";"Sungei Kadut Street 1";"16";"50";"349";"1226";"3";"187";"1";"1";"12841";"SG";"0";"103.75185";"1.41328";"SG";"0";"103.75167";"12840";"1.41429";"103.75185";"1.41328";"349"
"115";"1621";"25/05/2015 15:40:20";"Slow traffic";"T2 Arrival Drive";"T2 Boulevard";"T2 Departure Drive";"20";"51";"201";"717";"3";"75";"1";"0";"12292";"SG";"0";"103.9886";"1.35659";"SG";"0";"103.98756";"12293";"1.35384";"103.9886";"1.35659";"201"
"115";"1621";"25/05/2015 15:34:26";"Slow traffic";"T2 Link South";"Start Of Road";"End Of Road";"12";"50";"204";"962";"3";"214";"1";"0";"15482";"SG";"0";"103.99004";"1.35716";"SG";"0";"103.98833";"15483";"1.35338";"103.99004";"1.35716";"204"
"115";"1621";"25/05/2015 15:46:32";"Slow traffic";"T3 Link South";"T3 Departure Drive";"End Of Road";"11";"51";"0";"340";"3";"83";"1";"0";"16902";"SG";"0";"103.9848";"1.35063";"SG";"0";"103.9848";"16903";"1.35184";"103.9848";"1.35063";""
"115";"1621";"25/05/2015 15:50:33";"Slow traffic";"Tampines Street 23";"Tampines Street 21";"Tampines Street 32/Tampines Street 2";"14";"51";"89";"383";"3";"72";"1";"0";"12388";"SG";"0";"103.95242";"1.35377";"SG";"0";"103.95414";"12389";"1.35379";"103.95242";"1.35377";"89"
"115";"1621";"25/05/2015 15:39:59";"Slow traffic";"Tampines Street 81";"Tampines Avenue 3";"End Of Road";"22";"50";"112";"756";"3";"68";"1";"0";"12612";"SG";"0";"103.93327";"1.35019";"SG";"0";"103.93515";"12613";"1.34941";"103.93327";"1.35019";"112"
"1523";"1602";"25/05/2015 15:36:48";"Heavy traffic";"Tampines Street 92";"Tampines Street 93";"Tampines Avenue 1";"6";"50";"334";"1076";"4";"621";"1";"0";"12088";"SG";"0";"103.94267";"1.34113";"SG";"0";"103.94151";"12089";"1.34354";"103.94267";"1.34113";"334"
"115";"1621";"25/05/2015 15:34:26";"Slow traffic";"Tampines Street 92";"Tampines Avenue 1";"Tampines Street 93";"15";"51";"172";"369";"3";"65";"1";"1";"12089";"SG";"0";"103.9409";"1.34434";"SG";"0";"103.94112";"12088";"1.34271";"103.9409";"1.34434";"172"
"115";"1621";"25/05/2015 15:56:31";"Slow traffic";"Veerasamy Road";"Jalan Besar";"Serangoon Road";"8";"52";"294";"402";"3";"162";"1";"0";"14940";"SG";"0";"103.8553";"1.30669";"SG";"0";"103.85368";"14941";"1.30743";"103.8553";"1.30669";"294"
"115";"1621";"25/05/2015 15:40:46";"Slow traffic";"Woodlands Ind Park E6";"Woodlands Ind Park E3";"Woodlands Avenue 3";"15";"50";"155";"616";"3";"104";"1";"0";"13146";"SG";"0";"103.79775";"1.45282";"SG";"0";"103.79893";"13147";"1.45032";"103.79775";"1.45282";"155"
"115";"1621";"25/05/2015 15:39:54";"Slow traffic";"Woodlands Ind Park E7";"Woodlands Ind Park E4";"Woodlands Ind Park E8";"20";"50";"65";"585";"3";"62";"1";"0";"13160";"SG";"0";"103.79637";"1.45099";"SG";"0";"103.79875";"13161";"1.45211";"103.79637";"1.45099";"65"
"115";"1621";"25/05/2015 15:40:54";"Slow traffic";"Woodlands Ind Park E9";"Woodlands Ind Park E8";"Woodlands Avenue 4";"18";"50";"246";"1086";"3";"135";"1";"1";"13177";"SG";"0";"103.7991";"1.45036";"SG";"0";"103.79465";"13176";"1.44842";"103.7991";"1.45036";"246"
"115";"1621";"25/05/2015 15:30:32";"Slow traffic";"Yishun Street 20";"Yishun Street 22";"Yishun Ring Road/Yishun Street 21";"13";"51";"203";"324";"3";"69";"1";"0";"17008";"SG";"0";"103.83688";"1.43704";"SG";"0";"103.8364";"17009";"1.43591";"103.83688";"1.43704";"203"
"115";"1621";"25/05/2015 15:48:31";"Slow traffic";"Yung Ho Road";"Yuan Ching Road";"Corporation Road";"20";"51";"275";"652";"3";"72";"1";"1";"13303";"SG";"0";"103.72426";"1.32687";"SG";"0";"103.72147";"13302";"1.32711";"103.72426";"1.32687";"275"
